<?xml version="1.0" encoding="UTF-8"?>

<beans xmlns="http://www.springframework.org/schema/beans"
	xmlns:xsi="http://www.w3.org/2001/XMLSchema-instance" xmlns:aop="http://www.springframework.org/schema/aop"
	xmlns:tx="http://www.springframework.org/schema/tx" xmlns:jdbc="http://www.springframework.org/schema/jdbc"
	xmlns:context="http://www.springframework.org/schema/context"
	xmlns:mvc="http://www.springframework.org/schema/mvc"
	xsi:schemaLocation="
     http://www.springframework.org/schema/context http://www.springframework.org/schema/context/spring-context-3.0.xsd
     http://www.springframework.org/schema/mvc http://www.springframework.org/schema/mvc/spring-mvc-3.0.xsd
     http://www.springframework.org/schema/beans http://www.springframework.org/schema/beans/spring-beans-3.0.xsd
     http://www.springframework.org/schema/jdbc http://www.springframework.org/schema/jdbc/spring-jdbc-3.0.xsd
     http://www.springframework.org/schema/tx http://www.springframework.org/schema/tx/spring-tx-3.0.xsd
     http://www.springframework.org/schema/aop http://www.springframework.org/schema/aop/spring-aop-3.0.xsd">

	<bean id="propertyConfigurer"
		class="org.springframework.beans.factory.config.PropertyPlaceholderConfigurer">
		<property name="systemPropertiesModeName" value="SYSTEM_PROPERTIES_MODE_OVERRIDE" />
		<property name="ignoreResourceNotFound" value="true" />
		<property name="locations">
			<list>
				<value>classpath*:jdbc.properties</value>
			</list>
		</property>
	</bean>

	<!-- dataSource -->
	<bean id="dataSource" class="org.apache.commons.dbcp.BasicDataSource"
		destroy-method="close">
		<property name="driverClassName" value="${jdbc.driverClassName}" />
		<property name="url" value="${jdbc.url}" />
		<property name="username" value="${jdbc.username}" />
		<property name="password" value="${jdbc.password}" />
		<property name="initialSize" value="${jdbc.initialSize}" />
		<property name="maxActive" value="${jdbc.maxActive}" />
		<property name="maxIdle" value="${jdbc.maxIdle}" />
		<property name="minIdle" value="${jdbc.minIdle}" />
		<property name="logAbandoned" value="true" />
		<property name="removeAbandoned" value="true" />
		<property name="removeAbandonedTimeout" value="1000" />
		<property name="maxWait" value="5000" />
		<!-- 打开检查,用异步线程evict进行检查 -->
		<property name="testWhileIdle" value="true" />
		<property name="testOnBorrow" value="true" />
		<property name="testOnReturn" value="true" />
		<property name="validationQuery" value="select 1 from dual" />
		<property name="timeBetweenEvictionRunsMillis" value="30000" />
		<property name="numTestsPerEvictionRun" value="1" />
	</bean>

	<!-- define the SqlSessionFactory, notice that configLocation is not needed 
		when you use MapperFactoryBean -->
	<bean id="sqlSessionFactory" class="org.mybatis.spring.SqlSessionFactoryBean">
		<property name="dataSource" ref="dataSource" />
		<property name="configLocation" value="classpath:mybatis-config.xml" />
		<property name="typeAliasesPackage" value="
			com.task.schedule.manager.pojo;
			" />
		<property name="mapperLocations">
			<list>
				<value>classpath*:com/task/schedule/manager/dao/*.xml</value>
			</list>
		</property>
	</bean>

	<!-- scan for mappers and let them be autowired -->
	<bean class="org.mybatis.spring.mapper.MapperScannerConfigurer">
		<property name="basePackage" value="
			com.task.schedule.manager.dao;
			" />
	</bean>

	<bean id="jdbcTemplate" class="org.springframework.jdbc.core.JdbcTemplate">
		<constructor-arg ref="dataSource" />
	</bean>

	<!-- transaction manager, use JtaTransactionManager for global tx -->
	<bean id="transactionManager"
		class="org.springframework.jdbc.datasource.DataSourceTransactionManager">
		<property name="dataSource" ref="dataSource" />
	</bean>

	<!-- 激活spring的注解. -->
	<context:annotation-config />
	<!-- 扫描注解组件并且自动的注入spring beans中. 例如,他会扫描@Controller 和@Service下的文件.所以确保此base-package设置正确. -->

	<tx:annotation-driven transaction-manager="transactionManager" />

	<context:component-scan base-package="com.*" />
	<!-- 配置注解驱动的Spring MVC Controller 的编程模型.注:此标签只在 Servlet MVC工作! -->
	<mvc:annotation-driven />

	<!-- 静态资源的处理 -->
	<mvc:resources location="/resources/" mapping="/resources/**" />
	<!-- json -->
	<bean
		class="org.springframework.web.servlet.mvc.method.annotation.RequestMappingHandlerAdapter">
		<property name="messageConverters">
			<list>
				<ref bean="mappingJackson2HttpMessageConverter" />
			</list>
		</property>
	</bean>
	<bean id="mappingJackson2HttpMessageConverter" class="org.springframework.http.converter.json.MappingJackson2HttpMessageConverter">
        <property name="supportedMediaTypes">
            <list>
                <value>text/html;charset=UTF-8</value>
                <value>text/json;charset=UTF-8</value>
                <value>application/json;charset=UTF-8</value>
            </list>
        </property>
    </bean>
    
</beans>