<?xml version="1.0" encoding="UTF-8"?>

<beans xmlns="http://www.springframework.org/schema/beans"
	xmlns:xsi="http://www.w3.org/2001/XMLSchema-instance" xmlns:aop="http://www.springframework.org/schema/aop"
	xmlns:tx="http://www.springframework.org/schema/tx" xmlns:jdbc="http://www.springframework.org/schema/jdbc"
	xmlns:context="http://www.springframework.org/schema/context"
	xmlns:mvc="http://www.springframework.org/schema/mvc"
	xsi:schemaLocation="
     http://www.springframework.org/schema/context http://www.springframework.org/schema/context/spring-context-3.0.xsd
     http://www.springframework.org/schema/mvc http://www.springframework.org/schema/mvc/spring-mvc-3.0.xsd
     http://www.springframework.org/schema/beans http://www.springframework.org/schema/beans/spring-beans-3.0.xsd
     http://www.springframework.org/schema/jdbc http://www.springframework.org/schema/jdbc/spring-jdbc-3.0.xsd
     http://www.springframework.org/schema/tx http://www.springframework.org/schema/tx/spring-tx-3.0.xsd
     http://www.springframework.org/schema/aop http://www.springframework.org/schema/aop/spring-aop-3.0.xsd">

	<!-- 配置拦截器 -->
	<mvc:interceptors>
		<!-- 管理员用户拦截 -->
		<mvc:interceptor>
			<mvc:mapping path="/**/f_view/**.shtml"/>
			<bean id="securityInterceptor" class="com.task.schedule.comm.interceptor.AdminSecurityInterceptor">
				<property name="indexUrl" value="/index.jsp?errorcode=1" />
			</bean>
		</mvc:interceptor>
		<mvc:interceptor>
			<mvc:mapping path="/**/f_json/**.shtml"/>
			<bean id="securityJsonInterceptor" class="com.task.schedule.comm.interceptor.AdminSecurityInterceptor">
			</bean>
		</mvc:interceptor>
	</mvc:interceptors>
</beans>