<?xml version="1.0" encoding="UTF-8"?>
<!DOCTYPE mapper PUBLIC "-//mybatis.org//DTD Mapper 3.0//EN"
"http://mybatis.org/dtd/mybatis-3-mapper.dtd">
<mapper namespace="com.task.schedule.manager.dao.SysConfigDao">

	<insert id="save" parameterType="sysConfig" useGeneratedKeys="true" keyProperty="id" flushCache="true">
		 insert into sys_config(code,name,value,remark,exp1,exp2)
		 values(#{code},#{name},#{value},#{remark},#{exp1},#{exp2})
	</insert>
	
	<update id="update" parameterType="sysConfig" flushCache="true">
		update sys_config
		<set>
			value=#{value}
			<if test="code!=null and code!=''">,code=#{code}</if>
			<if test="name!=null and name!=''">,name=#{name}</if>
			<if test="remark!=null and remark!=''">,remark=#{remark}</if>
			<if test="exp1!=null and exp1!=''">,exp1=#{exp1}</if>
			<if test="exp2!=null and exp2!=''">,exp2=#{exp2}</if>
		</set>
		<where>id=#{id}</where>
	</update>
	
	<select id="get" resultType="sysConfig">
		select * from sys_config
  		<where>id=#{id}</where>
	</select>
	<select id="getByCode" resultType="sysConfig">
		select * from sys_config
  		<where>code=#{code}</where>
	</select>
	
	<select id="findSysConfig" parameterType="sysConfig" resultType="sysConfig">
		select * from sys_config
		<where>
		</where>
		order by id desc
  		limit #{currentIndex}, #{size}
	</select>
	<select id="findSysConfigCount" parameterType="sysConfig" resultType="int">
		select count(*) from sys_config
		<where>
		</where>
	</select>
</mapper>
